{
  "in_sample": {
    "ann_return": -0.18426160514849954,
    "ann_vol": 0.19818977244891495,
    "sharpe": -1.027322241650953,
    "sortino": -1.133576985158695,
    "calmar": -0.3921241163895072,
    "max_drawdown": -0.46990633181425556,
    "win_rate": 0.4640957446808511,
    "avg_turnover": 0.096955938350465,
    "alpha_vs_bench": -0.040072383404078996,
    "beta_vs_bench": -0.213060904054123,
    "n_days": 752
  },
  "out_of_sample": {
    "ann_return": -0.05413045053950827,
    "ann_vol": 0.05607716805932525,
    "sharpe": -0.9923178381318417,
    "sortino": -0.862291749603025,
    "calmar": -0.9078650543467077,
    "max_drawdown": -0.0596238948512674,
    "win_rate": 0.15838509316770186,
    "avg_turnover": 0.04958109215585022,
    "alpha_vs_bench": -0.04456856240204921,
    "beta_vs_bench": 0.018622112951351702,
    "n_days": 322
  },
  "deflated_sharpe": {
    "sharpe_daily": -0.051940289529120935,
    "sharpe_annual": -0.9923178381318417,
    "deflated_sharpe_prob": 0.0008708912582542083,
    "n_trials": 42,
    "n_obs": 322
  },
  "monte_carlo": {
    "random_sharpe_mean": 0.03024182248335857,
    "random_sharpe_95pct": 0.9997712325423074,
    "random_sharpe_std": 0.5701566709230502,
    "n_sims": 1000
  },
  "cost_sensitivity": [
    {
      "fee_bps": 0,
      "ann_return": -0.12324682878604887,
      "ann_vol": 0.16848845158553366,
      "sharpe": -0.7805049890686743,
      "sortino": -0.7785356236994874,
      "calmar": -0.27966863827232025,
      "max_drawdown": -0.44068877206760804,
      "win_rate": 0.38232558139534883,
      "avg_turnover": 0.08242527153987496,
      "alpha_vs_bench": -0.07739886146672778,
      "beta_vs_bench": -0.1506879895954371,
      "n_days": 1075
    },
    {
      "fee_bps": 5,
      "ann_return": -0.13635382664303652,
      "ann_vol": 0.1685539903058125,
      "sharpe": -0.8695295909671016,
      "sortino": -0.8710335164089908,
      "calmar": -0.3004061417835064,
      "max_drawdown": -0.45389826530678123,
      "win_rate": 0.3767441860465116,
      "avg_turnover": 0.08242527153987496,
      "alpha_vs_bench": -0.09243307275209546,
      "beta_vs_bench": -0.15075035635104928,
      "n_days": 1075
    },
    {
      "fee_bps": 10,
      "ann_return": -0.1492654106051603,
      "ann_vol": 0.16863363114291452,
      "sharpe": -0.9584048349942556,
      "sortino": -0.9635480749894872,
      "calmar": -0.313500059166822,
      "max_drawdown": -0.476125621800065,
      "win_rate": 0.37209302325581395,
      "avg_turnover": 0.08242527153987496,
      "alpha_vs_bench": -0.10746728403746324,
      "beta_vs_bench": -0.15081272310666147,
      "n_days": 1075
    },
    {
      "fee_bps": 20,
      "ann_return": -0.1745139160229391,
      "ann_vol": 0.16883513580900156,
      "sharpe": -1.1356196497745057,
      "sortino": -1.1493002501067948,
      "calmar": -0.33654829812691867,
      "max_drawdown": -0.5185404799079585,
      "win_rate": 0.36372093023255814,
      "avg_turnover": 0.08242527153987496,
      "alpha_vs_bench": -0.1375357066081987,
      "beta_vs_bench": -0.15093745661788574,
      "n_days": 1075
    },
    {
      "fee_bps": 40,
      "ann_return": -0.22279095373845315,
      "ann_vol": 0.16940626031932762,
      "sharpe": -1.4873058295259938,
      "sortino": -1.5244473476439362,
      "calmar": -0.3754555668276217,
      "max_drawdown": -0.5933883351921119,
      "win_rate": 0.347906976744186,
      "avg_turnover": 0.08242527153987496,
      "alpha_vs_bench": -0.19767255174966958,
      "beta_vs_bench": -0.15118692364033434,
      "n_days": 1075
    }
  ],
  "regime_weights_used": {
    "CHOP_FEAR": {
      "fg_level": 0.2302556786880784,
      "fg_zscore_90": -0.09971988795518208,
      "fg_momentum_7": 0.0913492343541663,
      "fg_extreme_rev": 0.1817011817983922,
      "fg_regime_dur": -0.35216066001954544
    },
    "BULL_GREED": {
      "fg_level": -0.059295958509684006,
      "fg_zscore_90": 0.11625627718558067,
      "fg_extreme_rev": 0.037417381131900594,
      "fg_regime_dur": -0.160199692286801
    },
    "BULL_NEUTRAL": {
      "fg_level": -0.10177542990899893,
      "fg_momentum_7": -0.07482356276580768,
      "fg_regime_dur": 0.14057263238981033
    },
    "CHOP_GREED": {
      "fg_level": -0.3131350231980014,
      "fg_zscore_90": 0.04047626821649743,
      "fg_momentum_7": -0.2321715348831936,
      "fg_extreme_rev": 0.28941240398924295,
      "fg_regime_dur": 0.25796654546853026
    },
    "CHOP_NEUTRAL": {
      "fg_level": -0.3215522807463505,
      "fg_zscore_90": -0.10917374776386407,
      "fg_momentum_7": -0.09080714286028,
      "fg_regime_dur": -0.1985918580661409
    }
  },
  "regime_weights_source": "build_weights_is_only (no OOS leak)",
  "is_oos_cut": "2025-07-21 00:00:00",
  "factors_used": [
    "fg_extreme_rev",
    "fg_level",
    "fg_momentum_7",
    "fg_regime_dur",
    "fg_zscore_90"
  ],
  "walk_forward": [
    {
      "train_start": "2023-06-29",
      "train_end": "2024-06-27",
      "test_start": "2024-06-28",
      "test_end": "2024-09-25",
      "sharpe": -2.1045470859802937,
      "ann_return": -0.5676260174085868,
      "n_obs": 90
    },
    {
      "train_start": "2023-09-27",
      "train_end": "2024-09-25",
      "test_start": "2024-09-26",
      "test_end": "2024-12-24",
      "sharpe": -2.444249434538703,
      "ann_return": -0.5775539208715963,
      "n_obs": 90
    },
    {
      "train_start": "2023-12-26",
      "train_end": "2024-12-24",
      "test_start": "2024-12-25",
      "test_end": "2025-03-24",
      "sharpe": -0.8427798038636402,
      "ann_return": -0.07902470454258093,
      "n_obs": 90
    },
    {
      "train_start": "2024-03-25",
      "train_end": "2025-03-24",
      "test_start": "2025-03-25",
      "test_end": "2025-06-22",
      "sharpe": -2.7149225577173737,
      "ann_return": -0.332048255370919,
      "n_obs": 90
    },
    {
      "train_start": "2024-06-23",
      "train_end": "2025-06-22",
      "test_start": "2025-06-23",
      "test_end": "2025-09-20",
      "sharpe": -2.5678982800288406,
      "ann_return": -0.1520621385430716,
      "n_obs": 90
    },
    {
      "train_start": "2024-09-21",
      "train_end": "2025-09-20",
      "test_start": "2025-09-21",
      "test_end": "2025-12-19",
      "sharpe": 0.8093995635715657,
      "ann_return": 0.08652351907637579,
      "n_obs": 90
    },
    {
      "train_start": "2024-12-20",
      "train_end": "2025-12-19",
      "test_start": "2025-12-20",
      "test_end": "2026-03-19",
      "sharpe": NaN,
      "ann_return": 0.0,
      "n_obs": 90
    }
  ],
  "parameter_plateau": [
    {
      "window": 30,
      "metric": 0.5140986191556648
    },
    {
      "window": 45,
      "metric": -1.6317073211754602
    },
    {
      "window": 60,
      "metric": -1.2637106136788276
    },
    {
      "window": 90,
      "metric": -0.7420087941133987
    },
    {
      "window": 120,
      "metric": -0.4977646465758431
    }
  ]
}