{
  "in_sample": {
    "ann_return": -0.17553878980935278,
    "ann_vol": 0.1942916701471063,
    "sharpe": -0.9932188758156625,
    "sortino": -1.1230540585557018,
    "calmar": -0.4055966666394228,
    "max_drawdown": -0.4327915001466408,
    "win_rate": 0.4654255319148936,
    "avg_turnover": 0.10380407152841861,
    "alpha_vs_bench": -0.014970622274212995,
    "beta_vs_bench": -0.2319148900338741,
    "n_days": 752
  },
  "out_of_sample": {
    "ann_return": 0.12337680394996076,
    "ann_vol": 0.137680104255637,
    "sharpe": 0.8451307924604615,
    "sortino": 1.317751862058183,
    "calmar": 1.8806768374224836,
    "max_drawdown": -0.06560234139909538,
    "win_rate": 0.453416149068323,
    "avg_turnover": 0.12941940937838756,
    "alpha_vs_bench": 0.08295179823654622,
    "beta_vs_bench": -0.05615625241352745,
    "n_days": 322
  },
  "deflated_sharpe": {
    "sharpe_daily": 0.04423616744914306,
    "sharpe_annual": 0.8451307924604615,
    "deflated_sharpe_prob": 0.08039562241254533,
    "n_trials": 42,
    "n_obs": 322
  },
  "monte_carlo": {
    "random_sharpe_mean": 0.03024182248335857,
    "random_sharpe_95pct": 0.9997712325423074,
    "random_sharpe_std": 0.5701566709230502,
    "n_sims": 1000
  },
  "cost_sensitivity": [
    {
      "fee_bps": 0,
      "ann_return": -0.05929442453656297,
      "ann_vol": 0.17914874901355066,
      "sharpe": -0.3411687523874988,
      "sortino": -0.39911855985675243,
      "calmar": -0.14693896519513472,
      "max_drawdown": -0.40353097939556104,
      "win_rate": 0.4697674418604651,
      "avg_turnover": 0.11130206619867895,
      "alpha_vs_bench": 0.005328617297637178,
      "beta_vs_bench": -0.18505853035906547,
      "n_days": 1075
    },
    {
      "fee_bps": 5,
      "ann_return": -0.0782291947480086,
      "ann_vol": 0.1791839243577881,
      "sharpe": -0.4545585318248169,
      "sortino": -0.5336018576245386,
      "calmar": -0.1836998794891035,
      "max_drawdown": -0.42585327200853673,
      "win_rate": 0.4641860465116279,
      "avg_turnover": 0.11130206619867895,
      "alpha_vs_bench": -0.01500650630462584,
      "beta_vs_bench": -0.1850432206843289,
      "n_days": 1075
    },
    {
      "fee_bps": 10,
      "ann_return": -0.09678386408422901,
      "ann_vol": 0.17923407058214075,
      "sharpe": -0.5678563659356948,
      "sortino": -0.6680039547850889,
      "calmar": -0.21635212038742668,
      "max_drawdown": -0.44734419016053983,
      "win_rate": 0.4613953488372093,
      "avg_turnover": 0.11130206619867895,
      "alpha_vs_bench": -0.03534162990688894,
      "beta_vs_bench": -0.18502791100959232,
      "n_days": 1075
    },
    {
      "fee_bps": 20,
      "ann_return": -0.13278318695273061,
      "ann_vol": 0.1793792217007396,
      "sharpe": -0.794063322396225,
      "sortino": -0.9400886166121134,
      "calmar": -0.26762234765475057,
      "max_drawdown": -0.496158815272143,
      "win_rate": 0.4511627906976744,
      "avg_turnover": 0.11130206619867895,
      "alpha_vs_bench": -0.07601187711141504,
      "beta_vs_bench": -0.18499729166011922,
      "n_days": 1075
    },
    {
      "fee_bps": 40,
      "ann_return": -0.20054543655253476,
      "ann_vol": 0.17984837343603785,
      "sharpe": -1.2441422851784665,
      "sortino": -1.4971080408997668,
      "calmar": -0.3412121578221653,
      "max_drawdown": -0.5877441115596358,
      "win_rate": 0.4223255813953488,
      "avg_turnover": 0.11130206619867895,
      "alpha_vs_bench": -0.15735237152046722,
      "beta_vs_bench": -0.18493605296117296,
      "n_days": 1075
    }
  ],
  "regime_weights_used": {
    "CHOP_FEAR": {
      "fg_level": 0.13529360125341103,
      "fg_momentum_7": 0.0899811670840069,
      "fg_extreme_rev": 0.042333375666730164,
      "fg_regime_dur": -0.26454398195794454
    },
    "BEAR_NEUTRAL": {
      "fg_level": 0.1122113572544176,
      "fg_momentum_7": 0.07567820397637931,
      "fg_regime_dur": -0.16779923298717797
    },
    "BEAR_FEAR": {
      "fg_level": 0.033689700858794504,
      "fg_zscore_90": 0.200479499691831,
      "fg_momentum_7": 0.22646986786345757,
      "fg_extreme_rev": -0.1031216423261842,
      "fg_regime_dur": 0.2277687062997823
    },
    "BULL_NEUTRAL": {
      "fg_level": -0.11219098049432527,
      "fg_zscore_90": -0.08176478850982388,
      "fg_momentum_7": -0.11567060555360745,
      "fg_regime_dur": 0.06106048185401154
    },
    "CHOP_NEUTRAL": {
      "fg_level": -0.2954323030508987,
      "fg_zscore_90": -0.09604975177494261,
      "fg_momentum_7": -0.09150510107626182,
      "fg_regime_dur": -0.18886830271848862
    },
    "CHOP_GREED": {
      "fg_level": -0.3131350231980014,
      "fg_zscore_90": 0.04047626821649743,
      "fg_momentum_7": -0.2321715348831936,
      "fg_extreme_rev": 0.28941240398924295,
      "fg_regime_dur": 0.25796654546853026
    },
    "BULL_GREED": {
      "fg_zscore_90": 0.12840211431760726,
      "fg_regime_dur": -0.16578892602979275
    }
  },
  "is_oos_cut": "2025-07-21 00:00:00",
  "factors_used": [
    "fg_extreme_rev",
    "fg_level",
    "fg_momentum_7",
    "fg_regime_dur",
    "fg_zscore_90"
  ]
}